{"cameraMode":{"drawMode":0,"name":"Shaded","section":"Shading Mode"},"sceneLighting":false,"audioPlay":false,"sceneViewState":{"showFog":true,"showMaterialUpdate":false,"showSkybox":true,"showFlares":true,"showImageEffects":true,"showParticleSystems":true},"in2DMode":false,"pivot":{"x":-1.1281964778900147,"y":3.4903080463409426,"z":-11.141188621520996},"rotation":{"x":0.11657831072807312,"y":0.34842783212661745,"z":-0.04372227191925049,"w":0.9290295243263245},"size":15.708511352539063,"orthographic":false}